"Name","FileName","ExportName","Layer","LowendLayer","ShadowScaleX","ShadowScaleY","ShadowX","ShadowY","ShadowSkew","CollisionRadius","Effect","AssetMinTrophy","AssetMinTrophyScore","AssetMinTrophyFileName","SortValue","Audience","CheerFileName","CheerExportName","ClassType","Animate","StartFrameOverride","Visibility","ChainedSWF","ChainedExportName","OvertimeAnimationEffect"
"string","string","string","string","string","int","int","int","int","int","int","string","string","int","string","int","boolean","string","string","string","boolean","int","string","string","string","string"
"Grassland_rock1","sc/effects.sc","Grassland_1x1_rock1","Object","Ground",63,63,-5,5,12,,,,,,,,,,,,,,,,
"Grassland_rock2","sc/effects.sc","Grassland_2x2_rock2","Object","Ground",88,88,-3,-5,,,,,,,,,,,,,,,,,
"Grassland_rock3","sc/effects.sc","Grassland_1x1_rock3","Object","Ground",71,71,-4,1,,,,,,,,,,,,,,,,,
"Grassland_bush1","sc/effects.sc","Grassland_1x1_bush1","Object","Ground",91,91,-4,-8,28,,,,,,,,,,,,,,,,
"WoodWall_single_2","sc/effects.sc","Grassland_1x1_bush1","Object","Ground",91,91,-4,-8,28,,,,,,,,,,,,,,,,
"royal_red_deco","sc/level_royal_arena.sc","royal_red_deco","Object","Ground",61,61,,5,22,,,,,,,,,,,,,,,,
"royal_blue_deco","sc/level_royal_arena.sc","royal_blue_deco","Object","Ground",67,67,2,2,31,,,,,,,,,,,,,,,,
"royal_bucket","sc/level_royal_arena.sc","royal_bucket","Object","Ground",94,94,-5,73,6,,,,,,,,,,,TRUE,,,,,
"royal_red_endwall1","sc/level_royal_arena.sc","royal_red_endwall1","Object","Ground",95,95,,-48,4,,,,,,,,,,,,,,,,
"royal_red_tower1","sc/level_royal_arena.sc","royal_red_tower1","Object","Ground",95,95,,,37,,,,,,,,,,,,,,,,
"royal_red_tower2","sc/level_royal_arena.sc","royal_red_tower2","Object","Ground",95,95,,-32,18,,,,,,,,,,,,,,,,
"royal_red_wall_middle","sc/level_royal_arena.sc","royal_red_wall_middle","Object","Ground",100,100,21,-88,26,,,,,,,,,,,,,,,,
"royal_mid_tower","sc/level_royal_arena.sc","royal_mid_tower","Object","Ground",95,95,-8,76,14,,,,,,,,,,,,,,,,
"royal_red_endwall2","sc/level_royal_arena.sc","royal_red_endwall2","Object","Ground",95,95,35,-48,59,,,,,,,,,,,,,,,,
"royal_blue_endwall1","sc/level_royal_arena.sc","royal_blue_endwall1","Object","Ground",96,96,-12,59,24,,,,,,,,,,,,,,,,
"royal_blue_endwall2","sc/level_royal_arena.sc","royal_blue_endwall2","Object","Ground",95,95,-13,72,11,,,,,,,,,,,,,,,,
"royal_blue_roof_left","sc/level_royal_arena.sc","royal_blue_roof_left","Object","Ground",95,95,-28,-139,,,,,,,,,,,,,,,,,
"royal_blue_roof_right","sc/level_royal_arena.sc","royal_blue_roof_right","Object","Ground",95,95,-4,-112,11,,,,,,,,,,,,,,,,
"royal_blue_tower1","sc/level_royal_arena.sc","royal_blue_tower1","Object","Ground",95,95,2,11,10,,,,,,,,,,,,,,,,
"royal_blue_tower2","sc/level_royal_arena.sc","royal_blue_tower2","Object","Ground",94,94,24,-111,53,,,,,,,,,,,,,,,,
"royal_blue_wall_middle","sc/level_royal_arena.sc","royal_blue_wall_middle","Object","Ground",95,95,-7,43,42,,,,,,,,,,,,,,,,
"royal_red_roof_left","sc/level_royal_arena.sc","royal_red_roof_left","Object","Ground",95,95,3,-151,33,,,,,,,,,,,,,,,,
"royal_red_roof_right","sc/level_royal_arena.sc","royal_red_roof_right","Object","Ground",95,95,-9,-146,,,,,,,,,,,,,,,,,
"royal_sidestand_left","sc/level_royal_arena.sc","royal_sidestand_left","Object","Ground",95,95,-29,147,8,,,,,,,,,,,,,,,,
"royal_sidestand_right","sc/level_royal_arena.sc","royal_sidestand_right","Object","Ground",84,84,-35,112,1,,,,,,,,,,,,,,,,
"royal_blocktree","sc/level_royal_arena.sc","royal_blocktree","Object","Ground",95,95,-6,-6,29,,,,,,,,,,,,,,,,
"royal_bush1x","sc/level_royal_arena.sc","royal_bush1x","Object","Ground",95,95,-3,-5,25,,,,,,,,,,,,,,,,
"royal_base_top_2v2","sc/level_royal_arena.sc","royal_base_top_2v2","Base","Ground",,,,,,,,,,,,,,,,,,,,,
"royal_base_bottom_2v2","sc/level_royal_arena.sc","royal_base_bottom_2v2","Base","Ground",,,,,,,,,,,,,,,,,,,,,
"goblin_roofshade_left_blue","sc/level_goblin_arena.sc","goblin_roofshade_left_blue","Object","Ground",95,95,-6,-6,,,,,,,,,,,,,,,,,
"goblin_roofshade_left_red","sc/level_goblin_arena.sc","goblin_roofshade_left_red","Object","Ground",95,95,-6,-6,,,,,,,,,,,,,,,,,
"goblin_roofshade_right_blue","sc/level_goblin_arena.sc","goblin_roofshade_right_blue","Object","Ground",95,95,-6,-6,,,,,,,,,,,,,,,,,
"goblin_roofshade_right_red","sc/level_goblin_arena.sc","goblin_roofshade_right_red","Object","Ground",95,95,-6,-6,,,,,,,,,,,,,,,,,
"goblin_sharp1","sc/level_goblin_arena.sc","goblin_sharp1","Object","Ground",95,95,-6,-6,,,,,,,,,,,,,,,,,
"goblin_sharp3","sc/level_goblin_arena.sc","goblin_sharp3","Object","Ground",95,95,-6,-6,,,,,,,,,,,,,,,,,
"goblin_sidestand_left","sc/level_goblin_arena.sc","goblin_sidestand_left","Object","Ground",95,95,-6,-6,,,,,,,,,,,,,,,,,
"goblin_sidestand_right","sc/level_goblin_arena.sc","goblin_sidestand_right","Object","Ground",95,95,-6,-6,,,,,,,,,,,,,,,,,
"goblin_stone1","sc/level_goblin_arena.sc","goblin_stone1","Object","Ground",95,95,-6,-6,,,,,,,,,,,,,,,,,
"goblin_stone2","sc/level_goblin_arena.sc","goblin_stone2","Object","Ground",95,95,-6,-6,,,,,,,,,,,,,,,,,
"goblin_waterwheel","sc/level_goblin_arena.sc","goblin_waterwheel","Object","Ground",95,95,10,-41,21,,,,,,,,,,,,,,,,
"goblin_woodpole1","sc/level_goblin_arena.sc","goblin_woodpole1","Object","Ground",95,95,-6,-6,,,,,,,,,,,,,,,,,
"goblin_woodtower1","sc/level_goblin_arena.sc","goblin_woodtower1","Object","Ground",95,95,-6,-6,,,,,,,,,,,,,,,,,
"goblin_woodtower2","sc/level_goblin_arena.sc","goblin_woodtower2","Object","Ground",95,95,2,-23,44,,,,,,,,,,,,,,,,
"goblin_woodwall1","sc/level_goblin_arena.sc","goblin_woodwall1","Object","Ground",95,95,-6,-6,,,,,,,,,,,,,,,,,
"goblin_tree1","sc/level_goblin_arena.sc","goblin_tree1","Object","Ground",95,95,-6,-6,,,,,,,,,,,,,,,,,
"goblin_tree2","sc/level_goblin_arena.sc","goblin_tree2","Object","Ground",95,95,-6,-6,,,,,,,,,,,,,,,,,
"goblin_tree3","sc/level_goblin_arena.sc","goblin_tree3","Object","Ground",95,95,-6,-6,,,,,,,,,,,,,,,,,
"goblin_tree4","sc/level_goblin_arena.sc","goblin_tree4","Object","Ground",95,95,-6,-6,,,,,,,,,,,,,,,,,
"goblin_red_tower","sc/level_goblin_arena.sc","goblin_red_tower","Object","Ground",95,95,-6,-6,,,,,,,,,,,,,,,,,
"goblin_blue_tower","sc/level_goblin_arena.sc","goblin_blue_tower","Object","Ground",95,95,-6,-6,,,,,,,,,,,,,,,,,
"goblin_2v2_base_01","sc/level_goblin_arena.sc","goblin_2v2_base_01","Base","Ground",,,,,,,,,,,-20000,,,,,,,,,,
"training_cliff1","sc/arena_training.sc","cliff01","Object","Ground",95,95,-15,34,24,,,,,,,,,,,,,,,,
"training_cliff2","sc/arena_training.sc","cliff02","Object","Ground",95,95,-6,4,14,,,,,,,,,,,,,,,,
"training_cliff3","sc/arena_training.sc","cliff03","Object","Ground",95,95,-8,,31,,,,,,,,,,,,,,,,
"training_cliff4","sc/arena_training.sc","cliff04","Object","Ground",95,95,-3,-2,24,,,,,,,,,,,,,,,,
"training_cliff5","sc/arena_training.sc","cliff05","Object","Ground",95,95,-8,-8,19,,,,,,,,,,,,,,,,
"training_cliff6","sc/arena_training.sc","cliff06","Object","Ground",95,95,-13,2,32,,,,,,,,,,,,,,,,
"training_cliff7","sc/arena_training.sc","cliff07","Object","Ground",95,95,-10,2,13,,,,,,,,,,,,,,,,
"training_tree1","sc/arena_training.sc","tree01","Object","Ground",95,95,-6,-6,,,,,,,,,,,,,,,,,
"training_tree2","sc/arena_training.sc","tree02","Object","Ground",95,95,-6,-6,,,,,,,,,,,,,,,,,
"training_tree3","sc/arena_training.sc","tree03","Object","Ground",95,95,-6,-6,,,,,,,,,,,,,,,,,
"training_bush1","sc/arena_training.sc","bush01","Object","Ground",95,95,-6,-6,,,,,,,,,,,,,,,,,
"training_bush2","sc/arena_training.sc","bush02","Object","Ground",95,95,-6,-6,,,,,,,,,,,,,,,,,
"training_cliffs_left","sc/arena_training.sc","training_cliffs_left","Object","Ground",95,95,-28,92,10,,,,,,,,,,,,,,,,
"training_cliffs_right","sc/arena_training.sc","training_cliffs_right","Object","Ground",98,98,-23,93,13,,,,,,,,,,,,,,,,
"training_deco1","sc/arena_training.sc","training_deco1","Object","Ground",72,72,2,,22,,,,,,,,,,,,,,,,
"training_deco2","sc/arena_training.sc","training_deco2","Object","Ground",78,78,,,13,,,,,,,,,,,,,,,,
"fence_left_back","sc/arena_training.sc","fence_left_back","Object","Ground",95,95,,10,15,,,,,,,,,,,,,,,,
"fence_left_front","sc/arena_training.sc","fence_left_front","Object","Ground",98,98,2,-6,21,,,,,,,,,,,,,,,,
"fence_right_back","sc/arena_training.sc","fence_right_back","Object","Ground",95,95,1,7,12,,,,,,,,,,,,,,,,
"fence_right_front","sc/arena_training.sc","fence_right_front","Object","Ground",95,95,2,,21,,,,,,,,,,,,,,,,
"tree_group01","sc/arena_training.sc","tree_group01","Object","Ground",90,90,-6,-6,,,,,,,,,,,,,,,,,
"bone_1_left","sc/level_bone_arena.sc","bone_1_left","Object","Ground",90,90,-3,-32,10,,,,,,,,,,,,,,,,
"bone_1_right","sc/level_bone_arena.sc","bone_1_right","Object","Ground",90,90,6,-56,60,,,,,,,,,,,,,,,,
"bone_2_left","sc/level_bone_arena.sc","bone_2_left","Object","Ground",90,90,-9,19,,,,,,,,,,,,,,,,,
"bone_2_right","sc/level_bone_arena.sc","bone_2_right","Object","Ground",90,90,,5,64,,,,,,,,,,,,,,,,
"bone_endstones_bottom","sc/level_bone_arena.sc","bone_endstones_bottom","Object","Ground",90,90,-15,-31,31,,,,,,,,,,,,,,,,
"bone_endstones_top","sc/level_bone_arena.sc","bone_endstones_top","Object","Ground",90,90,-10,-21,33,,,,,,,,,,,,,,,,
"bone_sidestands_botleft","sc/level_bone_arena.sc","bone_sidestands_botleft","Object","Ground",90,90,-19,132,,,,,,,,,,,,,,,,,
"bone_sidestands_botright","sc/level_bone_arena.sc","bone_sidestands_botright","Object","Ground",90,90,-15,153,5,,,,,,,,,,,,,,,,
"bone_sidestands_right","sc/level_bone_arena.sc","bone_sidestands_right","Object","Ground",90,90,-12,127,,,,,,,,,,,,,,,,,
"bone_sidestands_topleft","sc/level_bone_arena.sc","bone_sidestands_topleft","Object","Ground",90,90,-31,127,5,,,,,,,,,,,,,,,,
"bone_tower1","sc/level_bone_arena.sc","bone_tower1","Object","Ground",98,98,-8,-45,,,,,,,,,,,,,,,,,
"bone_tower2","sc/level_bone_arena.sc","bone_tower2","Object","Ground",98,98,-6,-35,22,,,,,,,,,,,,,,,,
"bone_deco_left","sc/level_bone_arena.sc","bone_deco_left","Object","Object",90,90,,-2,21,,,,,,,,,,,,,,,,
"bone_deco_right","sc/level_bone_arena.sc","bone_deco_right","Object","Object",90,90,-1,,37,,,,,,,,,,,,,,,,
"bone_decostone1","sc/level_bone_arena.sc","bone_decostone1","Object","Ground",111,111,-13,-17,,,,,,,,,,,,,,,,,
"bone_decostone2","sc/level_bone_arena.sc","bone_decostone2","Object","Ground",90,90,2,-11,39,,,,,,,,,,,,,,,,
"bone_2v2_base_01","sc/level_bone_arena.sc","bone_2v2_base_01","Base","Ground",,,,,,,,,,,-20000,,,,,,,"Always",,,
"dark_fire_pot","sc/level_dark_arena.sc","dark_fire_pot","Object","Object",95,95,-6,-6,,,"dark_arena_pot_flame",,,,,,,,,,,,,,
"dark_gate_bottom","sc/level_dark_arena.sc","dark_gate_bottom","Object","Ground",95,95,-6,-6,,,,,,,,,,,,,,,,,
"dark_gate_top","sc/level_dark_arena.sc","dark_gate_top","Object","Ground",95,95,-6,-6,,,,,,,,,,,,,,,,,
"dark_deco1","sc/level_dark_arena.sc","dark_deco1","Object","Ground",84,84,,-4,20,,,,,,,,,,,,,,,,
"dark_pekka_bottom_left","sc/level_dark_arena.sc","dark_pekka_bottom_left","Object","Ground",95,95,-6,-6,,,,,,,,,,,,,,,,,
"dark_pekka_bottom_right","sc/level_dark_arena.sc","dark_pekka_bottom_right","Object","Ground",95,95,-6,-6,,,,,,,,,,,,,,,,,
"dark_pekka_top_left","sc/level_dark_arena.sc","dark_pekka_top_left","Object","Ground",95,95,-6,-6,,,,,,,,,,,,,,,,,
"dark_pekka_top_right","sc/level_dark_arena.sc","dark_pekka_top_right","Object","Ground",95,95,-6,-6,,,,,,,,,,,,,,,,,
"dark_stand_blue_left","sc/level_dark_arena.sc","dark_stand_blue_left","Object","Ground",95,95,-6,-6,,,,,,,,,,,,,,,,,
"dark_stand_blue_right","sc/level_dark_arena.sc","dark_stand_blue_right","Object","Ground",95,95,-6,-6,,,,,,,,,,,,,,,,,
"dark_stand_left_red","sc/level_dark_arena.sc","dark_stand_left_red","Object","Ground",95,95,-6,-6,,,,,,,,,,,,,,,,,
"dark_stand_red_right","sc/level_dark_arena.sc","dark_stand_red_right","Object","Ground",95,95,-6,-6,,,,,,,,,,,,,,,,,
"lava_crack01","sc/level_dark_arena.sc","lava_crack01","Object","Ground",1,1,,,,,,,,,,,,,,,,,,,
"lava_crack02","sc/level_dark_arena.sc","lava_crack02","Object","Ground",1,1,,,,,,,,,,,,,,,,,,,
"lava_crack03","sc/level_dark_arena.sc","lava_crack03","Object","Ground",1,1,,,,,,,,,,,,,,,,,,,
"spiked_fence_left","sc/level_dark_arena.sc","spiked_fence_left","Object","Ground",95,95,-6,-6,,,,,,,,,,,,,,,,,
"spiked_fence_right","sc/level_dark_arena.sc","spiked_fence_right","Object","Ground",95,95,-6,-6,,,,,,,,,,,,,,,,,
"stone_deco01","sc/level_dark_arena.sc","stone_deco01","Object","Ground",95,95,-6,-6,,,,,,,,,,,,,,,,,
"stone_deco02","sc/level_dark_arena.sc","stone_deco02","Object","Ground",95,95,-6,-6,,,,,,,,,,,,,,,,,
"stone_deco03","sc/level_dark_arena.sc","stone_deco03","Object","Ground",95,95,,18,10,,,,,,,,,,,,,,,,
"stone_deco04","sc/level_dark_arena.sc","stone_deco04","Object","Ground",95,95,-3,50,10,,,,,,,,,,,,,,,,
"stone_deco05","sc/level_dark_arena.sc","stone_deco05","Object","Ground",95,95,,2,,,,,,,,,,,,,,,,,
"stone_deco07","sc/level_dark_arena.sc","stone_deco07","Object","Ground",95,95,,15,,,,,,,,,,,,,,,,,
"dark_2v2_base_01","sc/level_dark_arena.sc","dark_2v2_base_01","Base","Ground",,,,,,,,,,,-20000,,,,,,,"Always",,,
"barbarian_blocktree","sc/level_barbarian_arena.sc","barbarian_blocktree","Object","Ground",95,95,-6,-6,29,,,,,,,,,,,,,,,,
"barbarian_blue_barracks","sc/level_barbarian_arena.sc","barbarian_blue_barracks","Object","Ground",95,95,-22,-4,38,,,,,,,,,,,,,,,,
"barbarian_red_barracks","sc/level_barbarian_arena.sc","barbarian_red_barracks","Object","Ground",95,95,-6,-6,31,,,,,,,,,,,,,,,,
"barbarian_blue_sidestand_left","sc/level_barbarian_arena.sc","barbarian_blue_sidestand_left","Object","Ground",95,95,-11,1,20,,,,,,,,,,,,,,,,
"barbarian_blue_sidestand_right","sc/level_barbarian_arena.sc","barbarian_blue_sidestand_right","Object","Ground",95,95,-17,-6,26,,,,,,,,,,,,,,,,
"barbarian_red_sidestand_left","sc/level_barbarian_arena.sc","barbarian_red_sidestand_left","Object","Ground",95,95,-6,-6,10,,,,,,,,,,,,,,,,
"barbarian_red_sidestand_right","sc/level_barbarian_arena.sc","barbarian_red_sidestand_right","Object","Ground",95,95,-6,-6,19,,,,,,,,,,,,,,,,
"barbarian_tower1","sc/level_barbarian_arena.sc","barbarian_tower1","Object","Ground",95,95,-4,9,20,,,,,,,,,,,,,,,,
"barbarian_tower2","sc/level_barbarian_arena.sc","barbarian_tower2","Object","Ground",95,95,,5,11,,,,,,,,,,,,,,,,
"barbarian_tower3","sc/level_barbarian_arena.sc","barbarian_tower3","Object","Ground",104,104,-12,25,20,,,,,,,,,,,,,,,,
"barbarian_tower4","sc/level_barbarian_arena.sc","barbarian_tower4","Object","Ground",95,95,5,11,23,,,,,,,,,,,,,,,,
"barbarian_barrell","sc/level_barbarian_arena.sc","barbarian_barrell","Object","Ground",95,95,-8,51,39,,,,,,,,,,,,,,,,
"barbarian_fence1","sc/level_barbarian_arena.sc","barbarian_fence1","Object","Ground",95,95,-2,4,39,,,,,,,,,,,,,,,,
"barbarian_bush1x","sc/level_barbarian_arena.sc","barbarian_bush1x","Object","Ground",95,95,-3,-5,25,,,,,,,,,,,,,,,,
"barbarian_mushrooms","sc/level_barbarian_arena.sc","barbarian_mushrooms","Object","Ground",95,95,-2,4,6,,,,,,,,,,,,,,,,
"barbarian_deco1","sc/level_barbarian_arena.sc","barbarian_deco1","Object","Ground",95,95,-4,13,24,,,,,,,,,,,,,,,,
"barbarian_deco2","sc/level_barbarian_arena.sc","barbarian_deco2","Object","Ground",95,95,-4,13,39,,,,,,,,,,,,,,,,
"barbarian_2v2_base_01","sc/level_barbarian_arena.sc","barbarian_2v2_base_01","Base","Ground",,,,,,,,,,,-20000,,,,,,,"Always",,,
"spell_arena_edge_back","sc/level_spell_arena.sc","arena_edge_back","Object","Ground",95,95,-6,-6,,,,,,,,,,,,,,,,,
"spell_arena_edge_front","sc/level_spell_arena.sc","arena_edge_front","Object","Ground",95,95,-6,-6,,,,,,,,,,,,,,,,,
"spell_arena_edge_pole","sc/level_spell_arena.sc","arena_edge_pole","Object","Ground",105,105,,-39,17,,,,,,,,,,,,,,,,
"spell_entry_pole_back","sc/level_spell_arena.sc","entry_pole_back","Object","Ground",95,95,-6,-6,,,,,,,,,,,,,,,,,
"spell_entry_pole_front","sc/level_spell_arena.sc","entry_pole_front","Object","Ground",95,95,-6,-6,,,,,,,,,,,,,,,,,
"spell_crystal_rock_left","sc/level_spell_arena.sc","crystal_rock_left","Object","Ground",95,95,-6,-6,,,,,,,,,,,,,,,,,
"spell_crystal_rock_right","sc/level_spell_arena.sc","crystal_rock_right","Object","Ground",95,95,-6,-6,,,,,,,,,,,,,,,,,
"spell_pot_left","sc/level_spell_arena.sc","spell_pot_left","Object","Ground",95,95,-6,-6,,,,,,,,,,,,,,,,,
"spell_pot_right","sc/level_spell_arena.sc","spell_pot_right","Object","Ground",95,95,-6,-6,,,,,,,,,,,,,,,,,
"spell_stand_blue_left","sc/level_spell_arena.sc","stand_blue_left","Object","Ground",109,109,-17,-47,6,,,,,,,,,,,,,,,,
"spell_stand_blue_right","sc/level_spell_arena.sc","stand_blue_right","Object","Ground",101,101,-17,-40,,,,,,,,,,,,,,,,,
"spell_stand_red_left","sc/level_spell_arena.sc","stand_red_left","Object","Ground",95,95,-6,-6,,,,,,,,,,,,,,,,,
"spell_stand_red_right","sc/level_spell_arena.sc","stand_red_right","Object","Ground",95,95,-6,-6,,,,,,,,,,,,,,,,,
"spell_red_deco","sc/level_spell_arena.sc","spell_red_deco","Object","Ground",95,95,-6,-6,,,,,,,,,,,,,,,,,
"spell_blue_deco","sc/level_spell_arena.sc","spell_blue_deco","Object","Ground",95,95,-6,-6,,,,,,,,,,,,,,,,,
"spell_2v2_base_01","sc/level_spell_arena.sc","spell_2v2_base_01","Base","Ground",,,,,,,,,,,-20000,,,,,,,,,,
"legendary_statue1","sc/level_legendary_arena.sc","LegendaryArena_Statue1","Object","Ground",80,80,-7,-3,26,,,,,,,,,,,,,,,,
"legendary_statue2","sc/level_legendary_arena.sc","LegendaryArena_Statue2","Object","Ground",70,70,-8,2,26,,,,,,,,,,,,,,,,
"legendary_statue3","sc/level_legendary_arena.sc","LegendaryArena_Statue3","Object","Ground",,,-3,8,68,,,,,,,,,,,,,,,,
"legendary_statue4","sc/level_legendary_arena.sc","LegendaryArena_Statue4","Object","Ground",,,-6,-6,,,,,,,,,,,,,,,,,
"legendary_torch2","sc/level_legendary_arena.sc","LegendaryArena_torch","Object","Ground",87,87,-2,5,16,,"LegendaryArena_torch_fire",,,,,,,,,,,,,,
"smoke_glow1","sc/level_legendary_arena.sc","smoke_glow1","Object","Ground",,,,,,,"legendaryArena_smokeGlow",,,,,,,,,,,,,,
"smoke_glow2","sc/level_legendary_arena.sc","smoke_glow2","Object","Ground",,,,,,,"legendaryArena_smokeGlow",,,,,,,,,,,,,,
"smoke_glow3","sc/level_legendary_arena.sc","smoke_glow3","Object","Ground",,,,,,,"legendaryArena_smokeGlow",,,,,,,,,,,,,,
"LegendaryArena_Crystal1","sc/level_legendary_arena.sc","LegendaryArena_Crystal1","Object","Ground",,,,,,,,,,,,,,,,,,,,,
"LegendaryArena_Crystal2","sc/level_legendary_arena.sc","LegendaryArena_Crystal2","Object","Ground",,,,,,,,,,,,,,,,,,,,,
"LegendaryArena_Crystal3","sc/level_legendary_arena.sc","LegendaryArena_Crystal3","Object","Ground",71,71,-6,24,16,,,,,,,,,,,,,,,,
"LegendaryArena_Crystal4","sc/level_legendary_arena.sc","LegendaryArena_Crystal4","Object","Ground",74,74,-4,18,30,,,,,,,,,,,,,,,,
"LegendaryArena_Island1_float","sc/level_legendary_arena.sc","LegendaryArena_Island1_float","Object","Ground",,,,,,,,,,,,,,,,,,,,,
"LegendaryArena_Island1_float_blue","sc/level_legendary_arena.sc","LegendaryArena_Island1_float_blue","Object","Ground",,,,,,,,,,,,,,,,,,,,,
"LegendaryArena_Island2_float","sc/level_legendary_arena.sc","LegendaryArena_Island2_float","Object","Ground",,,,,,,,,,,,,,,,,,,,,
"LegendaryArena_Island2_float_blue","sc/level_legendary_arena.sc","LegendaryArena_Island2_float_blue","Object","Ground",,,,,,,,,,,,,,,,,,,,,
"legendary_2v2_base_01","sc/level_legendary_arena.sc","legendary_2v2_base_01","Base","Ground",,,,,,,,,,,-20000,,,,,,,,,,
"builder_blue_sidestand1","sc/level_builder_arena.sc","builder_blue_sidestand1","Object","Ground",96,96,-4,7,7,,,,,,,,,,,,,,,,
"builder_blue_sidestand2","sc/level_builder_arena.sc","builder_blue_sidestand2","Object","Ground",96,96,-17,-2,12,,,,,,,,,,,,,,,,
"builder_left_mid_tower","sc/level_builder_arena.sc","builder_left_mid_tower","Object","Ground",93,93,-2,33,16,,,,,,,,,,,,,,,,
"builder_red_sidestand1","sc/level_builder_arena.sc","builder_red_sidestand1","Object","Ground",96,96,3,6,4,,,,,,,,,,,,,,,,
"builder_red_sidestand2","sc/level_builder_arena.sc","builder_red_sidestand2","Object","Ground",96,96,-23,,8,,,,,,,,,,,,,,,,
"builder_right_mid_tower","sc/level_builder_arena.sc","builder_right_mid_tower","Object","Ground",96,96,-15,37,33,,,,,,,,,,,,,,,,
"builder_red_gate","sc/level_builder_arena.sc","builder_red_gate","Object","Ground",98,98,2,7,22,,,,,,,,,,,,,,,,
"builder_blue_gate","sc/level_builder_arena.sc","builder_blue_gate","Object","Ground",101,101,-13,64,24,,,,,,,,,,,,,,,,
"builder_red_tower","sc/level_builder_arena.sc","builder_red_tower","Object","Ground",96,96,,-18,5,,,,,,,,,,,,,,,,
"builder_blue_tower","sc/level_builder_arena.sc","builder_blue_tower","Object","Ground",102,102,-13,-20,31,,,,,,,,,,,,,,,,
"builder_blocktree1","sc/level_builder_arena.sc","builder_blocktree1","Object","Ground",87,87,-21,-37,2,,,,,,,,,,,,,,,,
"builder_treestump1","sc/level_builder_arena.sc","builder_treestump1","Object","Ground",96,96,-2,11,16,,,,,,,,,,,,,,,,
"builder_treestump2","sc/level_builder_arena.sc","builder_treestump2","Object","Ground",96,96,-4,7,15,,,,,,,,,,,,,,,,
"builder_treetrunks1","sc/level_builder_arena.sc","builder_treetrunks1","Object","Ground",96,96,1,7,15,,,,,,,,,,,,,,,,
"builder_treetrunks2","sc/level_builder_arena.sc","builder_treetrunks2","Object","Ground",96,96,-2,-1,9,,,,,,,,,,,,,,,,
"builder_upgradefence1","sc/level_builder_arena.sc","builder_upgradefence1","Object","Ground",99,99,,7,18,,,,,,,,,,,,,,,,
"builder_upgradefence2","sc/level_builder_arena.sc","builder_upgradefence2","Object","Ground",89,89,-4,-5,2,,,,,,,,,,,,,,,,
"builder_2v2_base_01","sc/level_builder_arena.sc","builder_2v2_base_01","Base","Ground",,,,,,,,,,,-20000,,,,,,,,,,
"ice_cauldron_01","sc/level_ice_arena.sc","ice_cauldron_01","Object","Ground",85,85,-20,20,30,,"ice_cauldron_fire_01",,,,,,,,,,,,,,
"ice_cauldron_02","sc/level_ice_arena.sc","ice_cauldron_02","Object","Ground",85,85,-12,25,45,,"ice_cauldron_fire_02",,,,,,,,,,,,,,
"ice_chain_01_left","sc/level_ice_arena.sc","ice_chain_01_left","Object","Ground",90,90,-5,5,,,,,,,,,,,,,,,,,
"ice_chain_01_right","sc/level_ice_arena.sc","ice_chain_01_right","Object","Ground",90,90,-5,5,,,,,,,,,,,,,,,,,
"ice_cube_01","sc/level_ice_arena.sc","ice_cube_01","Object","Ground",,,,,,,,,,,,,,,,"true",,,,,
"ice_cube_02","sc/level_ice_arena.sc","ice_cube_02","Ground","Ground",,,,,,,,,,,,,,,,"true",,,,,
"ice_cubegroup_02","sc/level_ice_arena.sc","ice_cubegroup_02","Object","Ground",,,,,,,,,,,,,,,,,,,,,
"ice_mountain_01","sc/level_ice_arena.sc","ice_mountain_01","Ground","Ground",-90,-90,-30,80,-20,,,,,,,,,,,,,,,,
"ice_mountain_02","sc/level_ice_arena.sc","ice_mountain_02","Ground","Ground",-90,-90,-50,50,-20,,,,,,,,,,,,,,,,
"ice_rock_01","sc/level_ice_arena.sc","ice_rock_01","Object","Ground",,,,,,,,,,,,,,,,,,,,,
"ice_rock_02","sc/level_ice_arena.sc","ice_rock_02","Object","Ground",,,,,,,,,,,,,,,,,,,,,
"ice_rock_03","sc/level_ice_arena.sc","ice_rock_03","Object","Ground",,,,,,,,,,,,,,,,,,,,,
"ice_rock_04","sc/level_ice_arena.sc","ice_rock_04","Object","Ground",,,,,,,,,,,,,,,,,,,,,
"ice_rock_05","sc/level_ice_arena.sc","ice_rock_05","Object","Ground",,,,,,,,,,,,,,,,,,,,,
"ice_rock_06","sc/level_ice_arena.sc","ice_rock_06","Object","Ground",,,,,,,,,,,,,,,,,,,,,
"ice_rock_07","sc/level_ice_arena.sc","ice_rock_07","Object","Ground",,,,,,,,,,,,,,,,,,,,,
"ice_rockgroup_01","sc/level_ice_arena.sc","ice_rockgroup_01","Object","Ground",,,,,,,,,,,,,,,,,,,,,
"ice_rockgroup_02","sc/level_ice_arena.sc","ice_rockgroup_02","Object","Ground",,,,,,,,,,,,,,,,,,,,,
"ice_stand_blue_01_left","sc/level_ice_arena.sc","ice_stand_blue_01_left","Object","Ground",,,,,,,,,,,,,,,,,,,,,
"ice_stand_blue_01_right","sc/level_ice_arena.sc","ice_stand_blue_01_right","Object","Ground",,,,,,,,,,,,,,,,,,,,,
"ice_stand_red_01_left","sc/level_ice_arena.sc","ice_stand_red_01_left","Object","Ground",,,,,,,,,,,,,,,,,,,,,
"ice_stand_red_01_right","sc/level_ice_arena.sc","ice_stand_red_01_right","Object","Ground",,,,,,,,,,,,,,,,,,,,,
"ice_stand_snow_01","sc/level_ice_arena.sc","ice_stand_snow_01","Object","Ground",,,,,,,,,,,,,,,,,,,,,
"ice_stand_snow_02","sc/level_ice_arena.sc","ice_stand_snow_02","Object","Ground",,,,,,,,,,,,,,,,,,,,,
"ice_stand_snow_03","sc/level_ice_arena.sc","ice_stand_snow_03","Object","Ground",,,,,,,,,,,,,,,,,,,,,
"ice_stand_snow_04","sc/level_ice_arena.sc","ice_stand_snow_04","Object","Ground",,,,,,,,,,,,,,,,,,,,,
"ice_tree_01","sc/level_ice_arena.sc","ice_tree_01","Object","Ground",85,85,-25,52,65,,,,,,,,,,,,,,,,
"ice_tree_02","sc/level_ice_arena.sc","ice_tree_02","Object","Ground",85,85,-25,52,65,,,,,,,,,,,,,,,,
"ice_tree_03","sc/level_ice_arena.sc","ice_tree_03","Object","Ground",85,85,-25,52,65,,,,,,,,,,,,,,,,
"ice_tree_01_shadow","sc/level_ice_arena.sc","ice_tree_01_shadow","Object","Ground",,,,,,,,,,,,,,,,,,,,,
"ice_tree_02_shadow","sc/level_ice_arena.sc","ice_tree_02_shadow","Object","Ground",,,,,,,,,,,,,,,,,,,,,
"ice_tree_03_shadow","sc/level_ice_arena.sc","ice_tree_03_shadow","Object","Ground",,,,,,,,,,,,,,,,,,,,,
"ice_vfx_sparkle_01","sc/level_ice_arena.sc","ice_vfx_sparkle_01","Object","Ground",,,,,,,"ice_water_sparkle_01",,,,,,,,,,,,,,
"ice_vfx_ripple_01_dummy","sc/level_ice_arena.sc","ice_vfx_ripple_01_dummy","Object","Ground",,,,,,,"ice_water_ripple_01",,,,,,,,,,,,,,
"ice_vfx_shine_01","sc/level_ice_arena.sc","ice_vfx_shine_01","Ground","Ground",,,,,,,,,,,,,,,,,,,,,
"ice_2v2_base_01","sc/level_ice_arena.sc","ice_2v2_base_01","Base","Ground",,,,,,,,,,,-20000,,,,,,,,,,
"event_bridge","sc/level_goblin_arena.sc","goblin_bridge_asset","Base","Base",,,,,,,,,,,,,,,,,,"Always",,,
"jungle_vfx_splash_01","sc/level_jungle_arena.sc","jungle_vfx_splash_01","Ground","Ground",,,,,,,,,,,,,,,,,,,,,
"jungle_vfx_rainline_01","sc/level_jungle_arena.sc","jungle_vfx_rainline_01","Ground","Ground",,,,,,,,,,,,,,,,,,,,,
"jungle_firefly_01","sc/level_jungle_arena.sc","jungle_firefly_01","Ground","Ground",,,,,,,"jungle_arena_firefly_01",,,,,,,,,,,,,,
"jungle_firefly_02","sc/level_jungle_arena.sc","jungle_firefly_02","Ground","Ground",,,,,,,"jungle_arena_firefly_02",,,,,,,,,,,,,,
"jungle_firefly_03","sc/level_jungle_arena.sc","jungle_firefly_03","Ground","Ground",,,,,,,"jungle_arena_firefly_03",,,,,,,,,,,,,,
"jungle_bamboo_01","sc/level_jungle_arena.sc","jungle_bamboo_01","Object","Ground",,,,,,,,,,,,,,,,,,,,,
"jungle_bamboo_02","sc/level_jungle_arena.sc","jungle_bamboo_02","Object","Ground",,,,,,,,,,,,,,,,,,,,,
"jungle_goldstorage_01","sc/level_jungle_arena.sc","jungle_goldstorage_01","Object","Ground",,,,,,,,,,,,,,,,,,,,,
"jungle_leaves_01","sc/level_jungle_arena.sc","jungle_leaves_01","Above","Ground",,,,,,,,,,,,,,,,,,,,,
"jungle_leaves_02","sc/level_jungle_arena.sc","jungle_leaves_02","Above","Ground",,,,,,,,,,,,,,,,,,,,,
"jungle_leaves_03","sc/level_jungle_arena.sc","jungle_leaves_03","Above","Ground",,,,,,,,,,,,,,,,,,,,,
"jungle_leaves_04","sc/level_jungle_arena.sc","jungle_leaves_04","Above","Ground",,,,,,,,,,,,,,,,,,,,,
"jungle_leaves_05","sc/level_jungle_arena.sc","jungle_leaves_05","Above","Ground",,,,,,,,,,,,,,,,,,,,,
"jungle_stand_01_blue_left","sc/level_jungle_arena.sc","jungle_stand_01_blue_left","Object","Ground",,,,,,,,,,,,,,,,,,,,,
"jungle_stand_01_blue_right","sc/level_jungle_arena.sc","jungle_stand_01_blue_right","Object","Ground",,,,,,,,,,,,,,,,,,,,,
"jungle_stand_01_red_left","sc/level_jungle_arena.sc","jungle_stand_01_red_left","Object","Ground",,,,,,,,,,,,,,,,,,,,,
"jungle_stand_01_red_right","sc/level_jungle_arena.sc","jungle_stand_01_red_right","Object","Ground",,,,,,,,,,,,,,,,,,,,,
"jungle_statue_01","sc/level_jungle_arena.sc","jungle_statue_01","Object","Ground",,,,,,,,,,,,,,,,,,,,,
"jungle_statue_02","sc/level_jungle_arena.sc","jungle_statue_02","Object","Ground",,,,,,,,,,,,,,,,,,,,,
"jungle_throne_01","sc/level_jungle_arena.sc","jungle_throne_01","Object","Ground",,,,,,,,,,,,,,,,,,,,,
"jungle_tree_01","sc/level_jungle_arena.sc","jungle_tree_01","Object","Ground",,,,,,,,,,,,,,,,,,,,,
"jungle_vine_01","sc/level_jungle_arena.sc","jungle_vine_01","Above","Ground",,,,,,,,,,,,,,,,,,,,,
"jungle_vine_02","sc/level_jungle_arena.sc","jungle_vine_02","Above","Ground",,,,,,,,,,,,,,,,,,,,,
"jungle_bridge_01","sc/level_jungle_arena.sc","jungle_bridge_01","Ground","Ground",,,,,,,,,,,,,,,,,,,,,
"jungle_leaves_01_shadow","sc/level_jungle_arena.sc","jungle_leaves_01_shadow","Above","Ground",,,,,,,,,,,,,,,,,,,,,
"jungle_leaves_02_shadow","sc/level_jungle_arena.sc","jungle_leaves_02_shadow","Ground","Ground",,,,,,,,,,,,,,,,,,,,,
"jungle_leaves_03_shadow","sc/level_jungle_arena.sc","jungle_leaves_03_shadow","Ground","Ground",,,,,,,,,,,,,,,,,,,,,
"jungle_leaves_04_shadow","sc/level_jungle_arena.sc","jungle_leaves_04_shadow","Ground","Ground",,,,,,,,,,,,,,,,,,,,,
"jungle_leaves_05_shadow","sc/level_jungle_arena.sc","jungle_leaves_05_shadow","Ground","Ground",,,,,,,,,,,,,,,,,,,,,
"jungle_vfx_water_01","sc/level_jungle_arena.sc","jungle_vfx_water_01","Ground","Ground",,,,,,,,,,,,,,,,,,,,,
"jungle_2v2_base_01","sc/level_jungle_arena.sc","jungle_2v2_base_01","Base","Ground",,,,,,,,,,,-20000,,,,,,,,,,
"champion_drawbridge_01","sc/level_champion_arena.sc","champion_drawbridge_01","Object","Ground",,,,,,,,,,,,,,,,,,,,,
"champion_floating_rock_01","sc/level_champion_arena.sc","champion_floating_rock_01","Object","Ground",,,,,,,,,,,,,,,,,,,,,
"champion_floating_rock_02","sc/level_champion_arena.sc","champion_floating_rock_02","Object","Ground",,,,,,,,,,,,,,,,,,,,,
"champion_floating_rock_03","sc/level_champion_arena.sc","champion_floating_rock_03","Object","Ground",,,,,,,,,,,,,,,,,,,,,
"champion_floating_rock_04","sc/level_champion_arena.sc","champion_floating_rock_04","Object","Ground",,,,,,,,,,,,,,,,,,,,,
"champion_floating_rock_05","sc/level_champion_arena.sc","champion_floating_rock_05","Object","Ground",,,,,,,,,,,,,,,,,,,,,
"champion_floating_rock_06","sc/level_champion_arena.sc","champion_floating_rock_06","Object","Ground",,,,,,,,,,,,,,,,,,,,,
"champion_floating_rock_07","sc/level_champion_arena.sc","champion_floating_rock_07","Object","Ground",,,,,,,,,,,,,,,,,,,,,
"champion_king_01","sc/level_champion_arena.sc","champion_king_01","Object","Ground",,,,,,,,,,,,,,,,,,,,,
"champion_king_02","sc/level_champion_arena.sc","champion_king_02","Object","Ground",,,,,,,,,,,,,,,,,,,,,
"champion_stands_blue_01","sc/level_champion_arena.sc","champion_stands_blue_01","Object","Ground",,,,,,,,,,,,,,,,,,,,,
"champion_stands_blue_02","sc/level_champion_arena.sc","champion_stands_blue_02","Object","Ground",,,,,,,,,,,,,,,,,,,,,
"champion_stands_blue_03","sc/level_champion_arena.sc","champion_stands_blue_03","Object","Ground",,,,,,,,,,,,,,,,,,,,,
"champion_stands_red_01_stage_01","sc/level_champion_arena.sc","champion_stands_red_01_stage_01","Object","Ground",,,,,,,,"champion_stands_red_01_stage_02",4300,"sc/level_champion_arena.sc",,,,,,,,,,,
,,,,,,,,,,,,"champion_stands_red_01_stage_03",4600,"sc/level_champion_arena.sc",,,,,,,,,,,
"champion_stands_red_01_stage_02","sc/level_champion_arena.sc","champion_stands_red_01_stage_02","Object","Ground",,,,,,,,,,,,,,,,,,,,,
"champion_stands_red_01_stage_03","sc/level_champion_arena.sc","champion_stands_red_01_stage_03","Object","Ground",,,,,,,,,,,,,,,,,,,,,
"champion_stands_red_02","sc/level_champion_arena.sc","champion_stands_red_02","Object","Ground",,,,,,,,,,,,,,,,,,,,,
"champion_stands_red_03","sc/level_champion_arena.sc","champion_stands_red_03","Object","Ground",,,,,,,,,,,,,,,,,,,,,
"champion_trophy_big_01","sc/level_champion_arena.sc","champion_trophy_big_01","Object","Ground",,,,,,,,,,,,,,,,TRUE,,,,,
"champion_wall_01_stage_01","sc/level_champion_arena.sc","champion_wall_01_stage_01","Object","Ground",,,,,,,,"champion_wall_01_stage_02",4300,"sc/level_champion_arena.sc",,,,,,,,,,,
,,,,,,,,,,,,"champion_wall_01_stage_03",4600,"sc/level_champion_arena.sc",,,,,,,,,,,
"champion_wall_01_stage_02","sc/level_champion_arena.sc","champion_wall_01_stage_02","Object","Ground",,,,,,,,,,,,,,,,,,,,,
"champion_wall_01_stage_03","sc/level_champion_arena.sc","champion_wall_01_stage_03","Object","Ground",,,,,,,,,,,,,,,,,,,,,
"champion_wall_02","sc/level_champion_arena.sc","champion_wall_02","Object","Ground",,,,,,,,,,,,,,,,,,,,,
"champion_waterfall_dummy","sc/level_champion_arena.sc","champion_waterfall_dummy","Object","Ground",,,,,,,"waterfall_haze",,,,,,,,,,,,,,
"champion_2v2_wall_01","sc/level_champion_arena.sc","champion_2v2_wall_01","Object","Ground",,,,,,,,,,,,,,,,,,,,,
"champion_2v2_wall_02","sc/level_champion_arena.sc","champion_2v2_wall_02","Object","Ground",,,,,,,,,,,,,,,,,,,,,
"champion_2v2_base_01","sc/level_champion_arena.sc","champion_2v2_base_01","Base","Ground",,,,,,,,,,,,,,,,,,"Always",,,
"PvE_deco_wall1_2tiles_h","sc/level_decos.sc","wall1_2tiles_h","Object","Ground",,,,,,,,,,,,,,,,,,,,,
"PvE_deco_wall1_2tiles_v","sc/level_decos.sc","wall1_2tiles_v","Object","Ground",,,,,,,,,,,,,,,,,,,,,
"PvE_deco_wall1_corner1","sc/level_decos.sc","wall1_corner1","Object","Ground",,,,,,,,,,,,,,,,,,,,,
"PvE_deco_wall1_corner2","sc/level_decos.sc","wall1_corner2","Object","Ground",,,,,,,,,,,,,,,,,,,,,
"PvE_deco_wall1_corner3","sc/level_decos.sc","wall1_corner3","Object","Ground",,,,,,,,,,,,,,,,,,,,,
"PvE_deco_wall1_corner4","sc/level_decos.sc","wall1_corner4","Object","Ground",,,,,,,,,,,,,,,,,,,,,
"pve_balloon_01","sc/level_champion_arena.sc","pve_balloon_01","Object","Ground",95,95,-6,-6,,,,,,,,,,,,,,,,,
"pve_balloon_02","sc/level_champion_arena.sc","pve_balloon_02","Object","Ground",95,95,-6,-6,,,,,,,,,,,,,,,,,
"pve_banner_01","sc/level_champion_arena.sc","pve_banner_01","Object","Ground",95,95,-6,-6,,,,,,,,,,,,,,,,,
"pve_barrel_01","sc/level_champion_arena.sc","pve_barrel_01","Object","Ground",95,95,-6,-6,,,,,,,,,,,,,,,,,
"pve_barrel_02","sc/level_champion_arena.sc","pve_barrel_02","Object","Ground",95,95,-6,-6,,,,,,,,,,,,,,,,,
"pve_bench_01","sc/level_champion_arena.sc","pve_bench_01","Object","Ground",95,95,-6,-6,,,,,,,,,,,,,,,,,
"pve_cannonballs_01","sc/level_champion_arena.sc","pve_cannonballs_01","Object","Ground",95,95,-6,-6,,,,,,,,,,,,,,,,,
"pve_cottoncandy_01","sc/level_champion_arena.sc","pve_cottoncandy_01","Object","Ground",95,95,-6,-6,,,,,,,,,,,,,,,,,
"pve_fence_01","sc/level_champion_arena.sc","pve_fence_01","Ground","Ground",95,95,-6,-6,,,,,,,,,,,,,,,,,
"pve_fence_02","sc/level_champion_arena.sc","pve_fence_02","Object","Ground",95,95,-6,-6,,,,,,,,,,,,,,,,,
"pve_fence_03","sc/level_champion_arena.sc","pve_fence_03","Object","Ground",95,95,-6,-6,,,,,,,,,,,,,,,,,
"pve_flagpole_01","sc/level_champion_arena.sc","pve_flagpole_01","Object","Ground",95,95,-6,-6,,,,,,,,,,,,,,,,,
"pve_hay_01","sc/level_champion_arena.sc","pve_hay_01","Object","Ground",95,95,-6,-6,,,,,,,,,,,,,,,,,
"pve_instruments_01","sc/level_champion_arena.sc","pve_instruments_01","Object","Ground",95,95,-6,-6,,,,,,,,,,,,,,,,,
"pve_juggle_01","sc/level_champion_arena.sc","pve_juggle_01","Object","Ground",95,95,-6,-6,,,,,,,,,,,,,,,,,
"pve_keg_01","sc/level_champion_arena.sc","pve_keg_01","Object","Ground",95,95,-6,-6,,,,,,,,,,,,,,,,,
"pve_pony_01","sc/level_champion_arena.sc","pve_pony_01","Object","Ground",95,95,-6,-6,,,,,,,,,,,,,,,,,
"pve_postflags_01","sc/level_champion_arena.sc","pve_postflags_01","Object","Ground",95,95,-6,-6,,,,,,,,,,,,,,,,,
"pve_pot_01","sc/level_champion_arena.sc","pve_pot_01","Object","Ground",95,95,-6,-6,,,,,,,,,,,,,,,,,
"pve_stall_01","sc/level_champion_arena.sc","pve_stall_01","Object","Ground",95,95,-6,-6,,,,,,,,,,,,,,,,,
"pve_stall_02","sc/level_champion_arena.sc","pve_stall_02","Object","Ground",95,95,-6,-6,,,,,,,,,,,,,,,,,
"pve_stall_03","sc/level_champion_arena.sc","pve_stall_03","Object","Ground",95,95,-6,-6,,,,,,,,,,,,,,,,,
"pve_stall_04","sc/level_champion_arena.sc","pve_stall_04","Object","Ground",95,95,-6,-6,,,,,,,,,,,,,,,,,
"pve_tent_01","sc/level_champion_arena.sc","pve_tent_01","Object","Ground",91,91,-12,116,17,,,,,,,,,,,,,,,,
"pve_weapon_01","sc/level_champion_arena.sc","pve_weapon_01","Ground","Ground",95,95,-6,-6,,,,,,,,,,,,,,,,,
"pve_weapon_02","sc/level_champion_arena.sc","pve_weapon_02","Ground","Ground",95,95,-6,-6,,,,,,,,,,,,,,,,,
"pve_weapon_03","sc/level_champion_arena.sc","pve_weapon_03","Ground","Ground",95,95,-6,-6,,,,,,,,,,,,,,,,,
"deco_floatingcard_01","sc/level_decos.sc","deco_floatingcard_01","Object","Ground",-85,-85,30,30,,,,,,,,,,,,,,,,,
"crowd_archer1_idle1","sc/level_decos.sc","crowd_archer1_idle1","Object","Ground",95,95,-6,-6,,,,,,,1003,"true","sc/level_decos.sc","crowd_archer1_cheer1",,,,,,,
"crowd_B_archer1_idle1","sc/level_decos.sc","crowd_B_archer1_idle1","Object","Ground",95,95,-6,-6,,,,,,,1003,"true","sc/level_decos.sc","crowd_B_archer1_cheer1",,,,,,,
"crowd_T_archer1_idle1","sc/level_decos.sc","crowd_T_archer1_idle1","Object","Ground",95,95,-6,-6,,,,,,,1003,"true","sc/level_decos.sc","crowd_T_archer1_cheer1",,,,,,,
"crowd_barbarian1_idle1","sc/level_decos.sc","crowd_barbarian1_idle1","Object","Ground",95,95,-6,-6,,,,,,,1003,"true","sc/level_decos.sc","crowd_barbarian1_cheer1",,,,,,,
"crowd_T_barbarian1_idle1","sc/level_decos.sc","crowd_T_barbarian1_idle1","Object","Ground",95,95,-6,-6,,,,,,,1003,"true","sc/level_decos.sc","crowd_T_barbarian1_cheer1",,,,,,,
"crowd_B_barbarian1_idle1","sc/level_decos.sc","crowd_B_barbarian1_idle1","Object","Ground",95,95,-6,-6,,,,,,,1003,"true","sc/level_decos.sc","crowd_B_barbarian1_cheer1",,,,,,,
"crowd_goblin1_idle1","sc/level_decos.sc","crowd_goblin1_idle1","Object","Ground",95,95,-6,-6,,,,,,,1003,"true","sc/level_decos.sc","crowd_goblin1_cheer1",,,,,,,
"crowd_B_goblin1_idle1","sc/level_decos.sc","crowd_B_goblin1_idle1","Object","Ground",95,95,-6,-6,,,,,,,1003,"true","sc/level_decos.sc","crowd_B_goblin2_cheer1",,,,,,,
"crowd_T_goblin1_idle1","sc/level_decos.sc","crowd_T_goblin1_idle1","Object","Ground",95,95,-6,-6,,,,,,,1003,"true","sc/level_decos.sc","crowd_T_goblin2_cheer1",,,,,,,
"crowd_goblin2_idle1","sc/level_decos.sc","crowd_goblin2_idle1","Object","Ground",95,95,-6,-6,,,,,,,1003,"true","sc/level_decos.sc","crowd_goblin2_cheer1",,,,,,,
"crowd_B_goblin2_idle1","sc/level_decos.sc","crowd_B_goblin2_idle1","Object","Ground",95,95,-7,-6,,,,,,,1003,"true","sc/level_decos.sc","crowd_B_goblin2_cheer1",,,,,,,
"crowd_T_goblin2_idle1","sc/level_decos.sc","crowd_T_goblin2_idle1","Object","Ground",95,95,-7,-6,,,,,,,1003,"true","sc/level_decos.sc","crowd_T_goblin2_cheer1",,,,,,,
"touchdown_flag_01_blue","sc/level_touchdown_arena.sc","touchdown_flag_01_blue","Above","Ground",95,95,-6,-6,,,,,,,,,,,,,,,,,
"touchdown_flag_01_red","sc/level_touchdown_arena.sc","touchdown_flag_01_red","Above","Ground",95,95,-6,-6,,,,,,,,,,,,,,,,,
"touchdown_spout_01","sc/level_touchdown_arena.sc","touchdown_spout_01","Object","Ground",95,95,-4,,,,,,,,,,,,,,,,,,
"touchdown_stands_01_left","sc/level_touchdown_arena.sc","touchdown_stands_01_left","Object","Ground",100,100,-12,38,5,,,,,,1002,,,,,,,,,,
"touchdown_stands_01_right","sc/level_touchdown_arena.sc","touchdown_stands_01_right","Object","Ground",100,100,-12,38,5,,,,,,1002,,,,,,,,,,
"touchdown_stands_02","sc/level_touchdown_arena.sc","touchdown_stands_02","Object","Ground",100,100,-8,20,11,,,,,,1000,,,,,,,,,,
"touchdown_stands_03","sc/level_touchdown_arena.sc","touchdown_stands_03","Ground","Ground",98,98,-17,38,6,,,,,,,,,,,,,,,,
"touchdown_statue_01","sc/level_touchdown_arena.sc","touchdown_statue_01","Object","Ground",96,96,-13,174,8,,,,,,1001,,,,,,,,,,
"touchdown_tunnel_01","sc/level_touchdown_arena.sc","touchdown_tunnel_01","Object","Ground",98,98,-9,184,5,,,,,,1026,,,,,,,,,,
"touchdown_tunnel_02","sc/level_touchdown_arena.sc","touchdown_tunnel_02","Object","Ground",98,98,-17,53,2,,,,,,1026,,,,,,,,,,
"touchdown_statue_01_bottom","sc/level_touchdown_arena.sc","touchdown_statue_01","Object","Ground",96,96,-13,174,8,,,,,,1060,,,,,,,,,,
"touchdown_stands_04_left","sc/level_touchdown_arena.sc","touchdown_stands_04_left","Object","Ground",100,100,-12,38,5,,,,,,1040,,,,,,,,,,
"touchdown_stands_04_right","sc/level_touchdown_arena.sc","touchdown_stands_04_right","Object","Ground",100,100,-12,38,5,,,,,,1040,,,,,,,,,,
"GoblinRef","sc/chr_goblin_referee.sc","goblin_referee_whistle1_1","Ground","Ground",75,75,-5,5,35,500,,,,,,,,,"GoblinRef",,,,,,
"touchdown_hatch_01","sc/level_touchdown_arena.sc","touchdown_hatch_01","Object","Ground",95,95,-4,,,,,,,,,,,,,,,,,,
"touchdown_statue_02","sc/level_touchdown_arena.sc","touchdown_statue_02","Object","Ground",96,96,-13,174,8,,,,,,1001,,,,,,,,,,
"touchdown_statue_02_bottom","sc/level_touchdown_arena.sc","touchdown_statue_02","Object","Ground",96,96,-13,174,8,,,,,,1060,,,,,,,,,,
"touchdown_front_01","sc/level_touchdown_arena.sc","touchdown_front_01","Object","Ground",100,100,-8,20,11,,,,,,2000,,,,,,,,,,
"touchdown_vignette_01","sc/level_touchdown_arena.sc","touchdown_vignette_01","Above","Above",,,,,,,,,,,1070,,,,,,,,,,
"touchdown_vfx_01","sc/level_touchdown_arena.sc","touchdown_vfx_01","Object","Ground",,,,,,,"touchdown_lights_01",,,,2000,"true",,,,,,,,,
"touchdown_stands_02_bottom","sc/level_touchdown_arena.sc","touchdown_stands_02_bottom","Ground","Ground",100,100,-8,20,11,,,,,,1000,,,,,,,,,,
"touchdown_tree_01","sc/level_touchdown_arena.sc","touchdown_tree_01","Object","Ground",96,78,-15,64,24,,,,,,,,,,,,,,,,
"crowd_giant1_idle1","sc/level_decos.sc","crowd_giant1_idle1","Object","Ground",95,95,-6,-6,,,,,,,1003,"true","sc/level_decos.sc","crowd_giant1_idle1",,,,,,,
"crowd_giant2_idle1","sc/level_decos.sc","crowd_giant2_idle1","Object","Ground",95,95,-6,-6,,,,,,,1003,"true","sc/level_decos.sc","crowd_giant2_idle1",,,,,,,
"touchdown_tunnel_01_a","sc/level_touchdown_arena.sc","touchdown_tunnel_01_a","Object","Ground",98,98,-9,184,5,,,,,,,,,,,,,,,,
"touchdown_tunnel_02_a","sc/level_touchdown_arena.sc","touchdown_tunnel_02_a","Object","Ground",98,98,-17,53,2,,,,,,1100,,,,,,,,,,
"touchdown_flag_02_blue","sc/level_touchdown_arena.sc","touchdown_flag_02_blue","Object","Ground",95,95,,29,17,,,,,,,,,,,,,,,,
"touchdown_flag_02_red","sc/level_touchdown_arena.sc","touchdown_flag_02_red","Object","Ground",95,95,,26,17,,,,,,,,,,,,,,,,
"electric_base_lights_01","sc/level_electric_arena.sc","electric_base_lights_01_pre","Ground","Ground",6,,,26,17,,,,,,,,,,,"true",,"Overtime","sc/level_electric_arena.sc","electric_base_lights_01",
"electric_battery_01","sc/level_electric_arena.sc","electric_battery_01","Object","Ground",91,69,-10,39,39,,,,,,,,,,,,,"Always",,,
"electric_battery_02","sc/level_electric_arena.sc","electric_battery_02","Object","Ground",95,68,-4,22,17,,,,,,,,,,,,,"Always",,,
"electric_battery_03","sc/level_electric_arena.sc","electric_battery_03","Object","Ground",95,-81,-5,,-10,,,,,,,,,,,,,"Always",,,
"electric_battery_04","sc/level_electric_arena.sc","electric_battery_04","Object","Ground",91,69,-10,39,39,,,,,,,,,,,,,,,,
"electric_bigbulb_01","sc/level_electric_arena.sc","electric_bigbulb_01","Object","Ground",100,78,-18,127,29,,,,,,,,,,,"true",,"Always",,,
"electric_bulb_01","sc/level_electric_arena.sc","electric_bulb_01","Object","Ground",112,78,-13,59,29,,,,,,,,,,,"true",,,,,
"electric_bulb_02","sc/level_electric_arena.sc","electric_bulb_02","Object","Ground",112,78,-13,59,29,,,,,,,,,,,"true",,,,,
"electric_cactus_01","sc/level_electric_arena.sc","electric_cactus_01","Object","Ground",95,95,-4,20,17,,,,,,,,,,,,,,,,
"electric_cactus_02","sc/level_electric_arena.sc","electric_cactus_02","Object","Ground",79,87,-14,51,43,,,,,,,,,,,,,,,,
"electric_cactus_03","sc/level_electric_arena.sc","electric_cactus_03","Object","Ground",87,79,-9,69,25,,,,,,,,,,,,,,,,
"electric_grass_01","sc/level_electric_arena.sc","electric_grass_01","Object","Ground",98,-83,-2,6,17,,,,,,,,,,,,,,,,
"electric_grass_02","sc/level_electric_arena.sc","electric_grass_02","Object","Ground",96,-94,-4,7,17,,,,,,,,,,,,,,,,
"electric_grass_03","sc/level_electric_arena.sc","electric_grass_03","Object","Ground",95,-84,-2,6,17,,,,,,,,,,,,,,,,
"electric_medal_01","sc/level_electric_arena.sc","electric_medal_01","Object","Ground",95,95,-3,18,17,,,,,,,,,,,,,,,,
"electric_rock_01","sc/level_electric_arena.sc","electric_rock_01","Object","Ground",104,87,-18,86,38,,,,,,,,,,,,,,,,
"electric_rock_01_a","sc/level_electric_arena.sc","electric_rock_01_a","Object","Ground",104,87,-18,86,38,,,,,,,,,,,,,,,,
"electric_rock_01_b","sc/level_electric_arena.sc","electric_rock_01_b","Object","Ground",104,87,-18,86,38,,,,,,,,,,,,,,,,
"electric_rock_02","sc/level_electric_arena.sc","electric_rock_02","Object","Ground",95,72,-35,200,30,,,,,,,,,,,,,,,,
"electric_rock_02_a","sc/level_electric_arena.sc","electric_rock_02_a","Object","Ground",95,72,-35,200,30,,,,,,,,,,,,,,,,
"electric_rock_02_b","sc/level_electric_arena.sc","electric_rock_02_b","Object","Ground",95,72,-35,200,30,,,,,,,,,,,,,,,,
"electric_rock_03","sc/level_electric_arena.sc","electric_rock_03","Object","Ground",95,73,-9,54,30,,,,,,,,,,,,,,,,
"electric_rock_03_a","sc/level_electric_arena.sc","electric_rock_03_a","Object","Ground",96,63,-22,159,24,,,,,,,,,,,,,,,,
"electric_rock_04","sc/level_electric_arena.sc","electric_rock_04","Object","Ground",95,82,-5,26,29,,,,,,,,,,,,,,,,
"electric_rock_04_a","sc/level_electric_arena.sc","electric_rock_04_a","Object","Ground",95,82,-5,26,29,,,,,,,,,,,,,,,,
"electric_rock_04_b","sc/level_electric_arena.sc","electric_rock_04_b","Object","Ground",95,82,-5,26,29,,,,,,,,,,,,,,,,
"electric_rock_05","sc/level_electric_arena.sc","electric_rock_05","Object","Ground",91,91,-10,26,31,,,,,,,,,,,,,,,,
"electric_rock_05_a","sc/level_electric_arena.sc","electric_rock_05_a","Object","Ground",91,91,-10,26,31,,,,,,,,,,,,,,,,
"electric_rock_06","sc/level_electric_arena.sc","electric_rock_06","Object","Ground",88,-82,-6,7,17,,,,,,,,,,,,,,,,
"electric_rock_06_a","sc/level_electric_arena.sc","electric_rock_06_a","Object","Ground",88,-82,-6,7,17,,,,,,,,,,,,,,,,
"electric_rock_07","sc/level_electric_arena.sc","electric_rock_07","Object","Ground",-96,71,-1,7,17,,,,,,,,,,,,,,,,
"electric_rock_07_a","sc/level_electric_arena.sc","electric_rock_07_a","Object","Ground",-96,71,-1,7,17,,,,,,,,,,,,,,,,
"electric_rock_08","sc/level_electric_arena.sc","electric_rock_08","Object","Ground",95,95,-35,37,20,,,,,,,,,,,,,,,,
"electric_rock_08_a","sc/level_electric_arena.sc","electric_rock_08_a","Object","Ground",95,95,-35,37,20,,,,,,,,,,,,,,,,
"electric_stands_blue_01","sc/level_electric_arena.sc","electric_stands_blue_01","Object","Ground",110,-79,-13,54,,,,,,,,,,,,,,"NormalTime",,,
"electric_stands_blue_02","sc/level_electric_arena.sc","electric_stands_blue_02","Object","Ground",121,-89,-20,40,-4,,,,,,,,,,,,,"NormalTime",,,
"electric_stands_red_01","sc/level_electric_arena.sc","electric_stands_red_01","Object","Ground",104,-79,-17,58,8,,,,,,,,,,,,,"NormalTime",,,
"electric_stands_red_02","sc/level_electric_arena.sc","electric_stands_red_02","Object","Ground",121,-89,-11,40,-4,,,,,,,,,,,,,"NormalTime",,,
"electric_teslatower_01","sc/level_electric_arena.sc","electric_teslatower_01","Object","Ground",106,85,-57,149,42,,,,,,,,,,,"true",,,,,
"electric_wire_01","sc/level_electric_arena.sc","electric_wire_01","Ground","Ground",95,-95,-1,3,4,,,,,,,,,,,,,,,,
"electric_wire_02","sc/level_electric_arena.sc","electric_wire_02","Ground","Ground",95,-95,-4,3,-8,,,,,,,,,,,,,,,,
"electric_wire_03","sc/level_electric_arena.sc","electric_wire_03","Ground","Ground",95,-95,-2,4,,,,,,,,,,,,,,,,,
"electric_wire_04","sc/level_electric_arena.sc","electric_wire_04","Ground","Ground",95,-95,,3,,,,,,,,,,,,,,,,,
"electric_wire_05","sc/level_electric_arena.sc","electric_wire_05","Ground","Ground",95,-95,,3,17,,,,,,,,,,,,,,,,
"electric_wire_06","sc/level_electric_arena.sc","electric_wire_06","Ground","Ground",95,-95,,1,,,,,,,,,,,,,,,,,
"electric_wire_07","sc/level_electric_arena.sc","electric_wire_07","Ground","Ground",95,-95,,1,,,,,,,,,,,,,,,,,
"electric_vignette_01","sc/level_electric_arena.sc","electric_vignette_01","Above","Above",,,,,,,,,,,1070,,,,,,,,,,
"xmas_candycane_01","sc/level_ice_arena.sc","xmas_candycane_01","Object","Ground",85,85,-25,52,65,,,,,,,,,,,,,,,,
"xmas_candycane_02","sc/level_ice_arena.sc","xmas_candycane_02","Object","Ground",85,85,-25,52,65,,,,,,,,,,,,,,,,
"xmas_candycane_03","sc/level_ice_arena.sc","xmas_candycane_03","Object","Ground",85,85,-25,52,65,,,,,,,,,,,,,,,,
"xmas_candycane_04","sc/level_ice_arena.sc","xmas_candycane_04","Object","Ground",85,85,-25,52,65,,,,,,,,,,,,,,,,
"xmas_lights_01","sc/level_ice_arena.sc","xmas_lights_01","Above","Ground",,,,,,,,,,,,,,,,,,,,,
"xmas_lights_02","sc/level_ice_arena.sc","xmas_lights_02","Above","Ground",,,,,,,,,,,,,,,,,,,,,
"xmas_present_slide_01","sc/level_ice_arena.sc","xmas_present_slide_01","Object","Ground",,,,,,,,,,,,,,,,"true",,,,,
"xmas_present_slide_02","sc/level_ice_arena.sc","xmas_present_slide_02","Ground","Ground",,,,,,,,,,,,,,,,"true",,,,,
"xmas_presents_01","sc/level_ice_arena.sc","xmas_presents_01","Object","Ground",85,85,-25,52,65,,,,,,,,,,,,,,,,
"xmas_sled_01","sc/level_ice_arena.sc","xmas_sled_01","Object","Ground",85,85,-25,52,65,,,,,,,,,,,,,,,,
"xmas_tree_01","sc/level_ice_arena.sc","xmas_tree_01","Object","Ground",85,85,-25,52,65,,,,,,,,,,,,,,,,
"xmas_tree_02","sc/level_ice_arena.sc","xmas_tree_02","Object","Ground",85,85,-25,52,65,,,,,,,,,,,,,,,,
"xmas_tree_03","sc/level_ice_arena.sc","xmas_tree_03","Object","Ground",85,85,-25,52,65,,,,,,,,,,,,,,,,
"xmas_tree_01_shadow","sc/level_ice_arena.sc","xmas_tree_01_shadow","Object","Ground",,,,,,,,,,,,,,,,,,,,,
"xmas_tree_02_shadow","sc/level_ice_arena.sc","xmas_tree_02_shadow","Object","Ground",,,,,,,,,,,,,,,,,,,,,
"xmas_tree_03_shadow","sc/level_ice_arena.sc","xmas_tree_03_shadow","Object","Ground",,,,,,,,,,,,,,,,,,,,,
"electric_stands_blue_01_overtime","sc/level_electric_arena.sc","electric_stands_blue_01_pre","Object","Ground",110,-79,-13,54,,,,,,,,,,,,"true",,"Overtime","sc/level_electric_arena.sc","electric_stands_blue_01_on",
"electric_stands_blue_02_overtime","sc/level_electric_arena.sc","electric_stands_blue_02_pre","Object","Ground",121,-89,-20,40,-4,,,,,,,,,,,"true",,"Overtime","sc/level_electric_arena.sc","electric_stands_blue_02_on",
"electric_stands_red_01_overtime","sc/level_electric_arena.sc","electric_stands_red_01_pre","Object","Ground",104,-79,-17,58,8,,,,,,,,,,,"true",,"Overtime","sc/level_electric_arena.sc","electric_stands_red_01_on",
"electric_stands_red_02_overtime","sc/level_electric_arena.sc","electric_stands_red_02_pre","Object","Ground",121,-89,-11,40,-4,,,,,,,,,,,"true",,"Overtime","sc/level_electric_arena.sc","electric_stands_red_02_on",
"clan_drawbridge_t1","sc/level_clan_arena.sc","clan_drawbridge_t1","Object","Ground",95,95,-11,81,18,,,,,,,,,,,,,"Always",,,
"clan_mortar_t1_01","sc/level_clan_arena.sc","clan_mortar_t1_01","Object","Ground",114,-95,-61,32,1,,,,,,,,,,,,,"Always",,,
"clan_mortar_t1_02","sc/level_clan_arena.sc","clan_mortar_t1_02","Object","Ground",95,72,-57,171,34,,,,,,,,,,,,,"Always",,,
"clan_sword_t1","sc/level_clan_arena.sc","clan_sword_t1","Object","Ground",95,63,-22,113,29,,,,,,,,,,,,,"Always",,,
"clan_wall_t1_back_left","sc/level_clan_arena.sc","clan_wall_t1_back_left","Object","Ground",95,-95,,56,,,,,,,,,,,,,,"Always",,,
"clan_wall_t1_back_right","sc/level_clan_arena.sc","clan_wall_t1_back_right","Object","Ground",95,-95,,56,,,,,,,,,,,,,,"Always",,,
"clan_wall_t1_front_left","sc/level_clan_arena.sc","clan_wall_t1_front_left","Object","Ground",114,-95,-26,68,,,,,,,,,,,,,,"Always",,,
"clan_wall_t1_front_right","sc/level_clan_arena.sc","clan_wall_t1_front_right","Object","Ground",95,-95,,56,,,,,,,,,,,,,,"Always",,,
"clan_drawbridge_t2","sc/level_clan_arena.sc","clan_drawbridge_t2","Object","Ground",95,95,-11,81,18,,,,,,,,,,,,,,,,
"clan_mortar_t2_01","sc/level_clan_arena.sc","clan_mortar_t2_01","Object","Ground",114,-95,-61,32,1,,,,,,,,,,,,,"Always",,,
"clan_mortar_t2_02","sc/level_clan_arena.sc","clan_mortar_t2_02","Object","Ground",95,72,-57,171,34,,,,,,,,,,,,,,,,
"clan_sword_t2","sc/level_clan_arena.sc","clan_sword_t2","Object","Ground",95,63,-22,113,29,,,,,,,,,,,,,,,,
"clan_wall_t2_back_left","sc/level_clan_arena.sc","clan_wall_t2_back_left","Object","Ground",95,-95,,56,,,,,,,,,,,,,,"Always",,,
"clan_wall_t2_back_right","sc/level_clan_arena.sc","clan_wall_t2_back_right","Object","Ground",95,-95,,56,,,,,,,,,,,,,,"Always",,,
"clan_wall_t2_front_left","sc/level_clan_arena.sc","clan_wall_t2_front_left","Object","Ground",114,-95,-26,68,,,,,,,,,,,,,,,,,
"clan_wall_t2_front_right","sc/level_clan_arena.sc","clan_wall_t2_front_right","Object","Ground",95,-95,,56,,,,,,,,,,,,,,,,,
"clan_drawbridge_t3","sc/level_clan_arena.sc","clan_drawbridge_t3","Object","Ground",95,95,-11,81,18,,,,,,,,,,,,,,,,
"clan_mortar_t3_01","sc/level_clan_arena.sc","clan_mortar_t3_01","Object","Ground",114,-95,-61,32,1,,,,,,,,,,,,,,,,
"clan_mortar_t3_02","sc/level_clan_arena.sc","clan_mortar_t3_02","Object","Ground",95,72,-57,171,34,,,,,,,,,,,,,,,,
"clan_sword_t3","sc/level_clan_arena.sc","clan_sword_t3","Object","Ground",95,63,-22,113,29,,,,,,,,,,,,,,,,
"clan_wall_t3_back_left","sc/level_clan_arena.sc","clan_wall_t3_back_left","Object","Ground",95,-95,,56,,,,,,,,,,,,,,"Always",,,
"clan_wall_t3_back_right","sc/level_clan_arena.sc","clan_wall_t3_back_right","Object","Ground",95,-95,,56,,,,,,,,,,,,,,"Always",,,
"clan_wall_t3_front_left","sc/level_clan_arena.sc","clan_wall_t3_front_left","Object","Ground",114,-95,-26,68,,,,,,,,,,,,,,,,,
"clan_wall_t3_front_right","sc/level_clan_arena.sc","clan_wall_t3_front_right","Object","Ground",95,-95,,56,,,,,,,,,,,,,,"Always",,,
"clan_drawbridge_t4","sc/level_clan_arena.sc","clan_drawbridge_t4","Object","Ground",95,95,-11,81,18,,,,,,,,,,,,,,,,
"clan_mortar_t4_01","sc/level_clan_arena.sc","clan_mortar_t4_01","Object","Ground",114,-95,-61,32,1,,,,,,,,,,,,,,,,
"clan_mortar_t4_02","sc/level_clan_arena.sc","clan_mortar_t4_02","Object","Ground",95,72,-57,171,34,,,,,,,,,,,,,,,,
"clan_sword_t4","sc/level_clan_arena.sc","clan_sword_t4","Object","Ground",95,63,-22,113,29,,"clan_sword_sparkle_01",,,,,,,,,,,,,,
"clan_wall_t4_back_left","sc/level_clan_arena.sc","clan_wall_t4_back_left","Object","Ground",95,-95,,56,,,,,,,,,,,,,,"Always",,,
"clan_wall_t4_back_right","sc/level_clan_arena.sc","clan_wall_t4_back_right","Object","Ground",95,-95,,56,,,,,,,,,,,,,,,,,
"clan_wall_t4_front_left","sc/level_clan_arena.sc","clan_wall_t4_front_left","Object","Ground",114,-95,-26,68,,,,,,,,,,,,,,,,,
"clan_wall_t4_front_right","sc/level_clan_arena.sc","clan_wall_t4_front_right","Object","Ground",95,-95,,56,,,,,,,,,,,,,,,,,
"clan_wall_left_blue_01","sc/level_clan_arena.sc","clan_wall_left_blue_01","Object","Ground",121,-128,-61,36,,,,,,,,,,,,,,"Always",,,
"clan_wall_left_blue_02","sc/level_clan_arena.sc","clan_wall_left_blue_02","Object","Ground",121,-128,-61,36,,,,,,,,,,,,,,,,,
"clan_wall_left_red_01","sc/level_clan_arena.sc","clan_wall_left_red_01","Object","Ground",121,-95,-61,36,,,,,,,,,,,,,,"Always",,,
"clan_wall_left_red_02","sc/level_clan_arena.sc","clan_wall_left_red_02","Object","Ground",121,-95,-61,36,,,,,,,,,,,,,,"Always",,,
"clan_wall_right_blue_01","sc/level_clan_arena.sc","clan_wall_right_blue_01","Object","Ground",95,-119,-61,63,,,,,,,,,,,,,,"Always",,,
"clan_wall_right_blue_02","sc/level_clan_arena.sc","clan_wall_right_blue_02","Object","Ground",95,-119,-61,63,,,,,,,,,,,,,,,,,
"clan_wall_right_red_01","sc/level_clan_arena.sc","clan_wall_right_red_01","Object","Ground",95,-115,-61,85,,,,,,,,,,,,,,"Always",,,
"clan_wall_right_red_02","sc/level_clan_arena.sc","clan_wall_right_red_02","Object","Ground",95,-115,-61,85,,,,,,,,,,,,,,,,,
"clan_torch_left","sc/level_clan_arena.sc","clan_torch_left","Object","Ground",,,,,,,"ice_cauldron_fire_02",,,,,,,,,,,"Always",,,
"clan_torch_right","sc/level_clan_arena.sc","clan_torch_right","Object","Ground",,,,,,,"ice_cauldron_fire_02",,,,,,,,,,,"Always",,,
"clan_chain_t1_01","sc/level_clan_arena.sc","clan_chain_t1_01","Object","Ground",88,-43,2,14,,,,,,,,,,,,,,"Always",,,
"clan_chain_t1_02","sc/level_clan_arena.sc","clan_chain_t1_02","Object","Ground",88,-43,-6,16,,,,,,,,,,,,,,"Always",,,
"clan_chain_t2_01","sc/level_clan_arena.sc","clan_chain_t2_01","Object","Ground",88,-43,2,14,,,,,,,,,,,,,,,,,
"clan_chain_t2_02","sc/level_clan_arena.sc","clan_chain_t2_02","Object","Ground",88,-43,-6,16,,,,,,,,,,,,,,,,,
"clan_chain_t3_01","sc/level_clan_arena.sc","clan_chain_t3_01","Object","Ground",88,-43,2,14,,,,,,,,,,,,,,,,,
"clan_chain_t3_02","sc/level_clan_arena.sc","clan_chain_t3_02","Object","Ground",88,-43,-6,16,,,,,,,,,,,,,,,,,
